JobId,Length,LengthP99,Admitted,Deadline,Started,Finished,State,Latency
0,195.35834164177908,236.7547607421875,172.8079685746703,883.0579685746703,180.3467589999964,381.54636599999594,done,201.1996069999995
1,190.8271665320088,236.7547607421875,172.8079685746703,883.0579685746703,180.3467589999964,578.8342919999973,done,398.48753300000084
2,187.69896243810595,236.7547607421875,172.8079685746703,883.0579685746703,180.3467589999964,579.9779559999944,done,399.631196999998
3,165.01408822892554,236.7547607421875,172.8079685746703,883.0579685746703,180.3467589999964,800.5848729999956,done,620.2381139999992
4,202.08198535452837,236.7547607421875,172.8079685746703,883.0579685746703,180.3467589999964,800.7249299999987,done,620.3781710000023
5,168.55769024471817,236.7547607421875,250.04414161774463,960.2941416177446,260.85138799999913,1028.2603469999963,past_due,767.4089589999973
6,182.0397059376499,236.7547607421875,250.04414161774463,960.2941416177446,260.85138799999913,1028.7699390000002,past_due,767.918551000001
7,185.22774478466528,236.7547607421875,250.04414161774463,960.2941416177446,260.85138799999913,1222.3272699999975,past_due,961.4758819999984
8,190.6673472958246,236.7547607421875,250.04414161774463,960.2941416177446,260.85138799999913,1223.0945119999997,past_due,962.2431240000004
9,217.26537838756764,236.7547607421875,250.04414161774463,960.2941416177446,260.85138799999913,1222.511047999998,past_due,961.6596599999988
10,174.52716159388982,236.7547607421875,482.66535360677767,1192.9153536067777,496.9535050000013,1455.0387380000034,past_due,958.085233000002
11,168.23313810569573,236.7547607421875,482.66535360677767,1192.9153536067777,496.9535050000013,1455.7294389999997,past_due,958.7759339999984
12,220.74384801558327,236.7547607421875,482.66535360677767,1192.9153536067777,496.9535050000013,1457.9705690000014,past_due,961.017064
13,192.26938956455712,236.7547607421875,482.66535360677767,1192.9153536067777,496.9535050000013,1633.171417000004,past_due,1136.2179120000028
14,165.7099386023122,236.7547607421875,482.66535360677767,1192.9153536067777,496.9535050000013,1634.2816900000025,past_due,1137.3281850000012
15,162.39887874268757,236.7547607421875,1645.4466911942764,2355.6966911942764,1664.2172139999966,1838.4356529999973,done,174.21843900000056
16,172.11347330904397,236.7547607421875,1645.4466911942764,2355.6966911942764,1664.2172139999966,2016.9259709999951,done,352.70875699999846
17,166.82727544213637,236.7547607421875,1645.4466911942764,2355.6966911942764,1664.2172139999966,2016.937061999996,done,352.71984799999956
18,222.71082193422973,236.7547607421875,1645.4466911942764,2355.6966911942764,1664.2172139999966,2017.8818019999976,done,353.6645880000009
19,163.6193919753594,236.7547607421875,1645.4466911942764,2355.6966911942764,1689.140572999997,2243.6102849999966,done,554.4697119999995
20,182.72031208024148,236.7547607421875,1668.9555069777311,2379.205506977731,1664.2172139999966,2243.342377999994,done,579.1251639999971
21,193.2131132202755,236.7547607421875,1668.9555069777311,2379.205506977731,1689.140572999997,2243.843457999998,done,554.7028850000011
22,166.89636382479227,236.7547607421875,1668.9555069777311,2379.205506977731,1689.140572999997,2245.247465999996,done,556.106892999999
23,167.60640132930743,236.7547607421875,1668.9555069777311,2379.205506977731,1689.140572999997,2432.398784999994,past_due,743.258211999997
24,176.45629614632014,236.7547607421875,1668.9555069777311,2379.205506977731,1689.140572999997,2432.673247999998,past_due,743.5326750000008
25,224.17223222061529,236.7547607421875,1677.091742585342,2387.341742585342,1698.0769440000004,2433.5392730000012,past_due,735.4623290000006
26,166.8477214232597,236.7547607421875,1677.091742585342,2387.341742585342,1698.0769440000004,2432.1264179999994,past_due,734.049473999999
27,170.7990081541594,236.7547607421875,1677.091742585342,2387.341742585342,1802.9690109999972,2664.5268269999947,past_due,861.5578159999976
28,182.7642058572501,236.7547607421875,1677.091742585342,2387.341742585342,1698.0769440000004,2662.798968999997,past_due,964.7220249999967
29,163.0913053299454,236.7547607421875,1677.091742585342,2387.341742585342,1698.0769440000004,2663.8480210000034,past_due,965.771077000003
30,183.8121058995439,236.7547607421875,1781.382280917445,2491.6322809174453,1698.0769440000004,2664.5301830000003,past_due,966.4532389999998
31,167.59388029276454,236.7547607421875,1781.382280917445,2491.6322809174453,1802.9690109999972,2850.7848499999955,past_due,1047.8158389999985
32,179.0750849396667,236.7547607421875,1781.382280917445,2491.6322809174453,1802.9690109999972,2850.3004529999944,past_due,1047.3314419999972
33,179.55397434370516,236.7547607421875,1781.382280917445,2491.6322809174453,1802.9690109999972,2850.438585999998,past_due,1047.4695750000008
34,166.83140446457034,236.7547607421875,1781.382280917445,2491.6322809174453,1802.9690109999972,2850.4311529999977,past_due,1047.4621420000005
35,202.90852475335757,236.7547607421875,1924.2083380689417,2634.458338068942,1948.372399,3059.4820439999994,past_due,1111.109644999999
36,167.6203477464458,236.7547607421875,1924.2083380689417,2634.458338068942,1948.372399,3059.2020880000027,past_due,1110.8296890000026
37,168.7818146178252,236.7547607421875,1924.2083380689417,2634.458338068942,1948.372399,3058.6906559999998,past_due,1110.3182569999994
38,163.73341669489898,236.7547607421875,1924.2083380689417,2634.458338068942,1948.372399,3058.9905900000003,past_due,1110.6181910000003
39,167.9402387939397,236.7547607421875,1924.2083380689417,2634.458338068942,1948.372399,3260.783733,past_due,1312.4113340000001
40,188.78965513078327,236.7547607421875,2257.1171935488574,2967.3671935488574,2285.411309999996,3260.3943169999948,past_due,974.9830069999988
41,166.22815391421364,236.7547607421875,2257.1171935488574,2967.3671935488574,2285.411309999996,3261.303877999995,past_due,975.8925679999991
42,174.84491979327086,236.7547607421875,2257.1171935488574,2967.3671935488574,2285.411309999996,3261.0945499999943,past_due,975.6832399999986
43,173.65380650558427,236.7547607421875,2257.1171935488574,2967.3671935488574,2285.411309999996,3262.2871319999963,past_due,976.8758220000004
44,193.8590834667257,236.7547607421875,2257.1171935488574,2967.3671935488574,2670.8462279999985,3457.1081349999986,past_due,786.2619070000002
45,162.62976697187406,236.7547607421875,2642.186130882885,3352.436130882885,2670.8462279999985,3456.7278859999997,past_due,785.881658000001
46,187.1239522455615,236.7547607421875,2642.186130882885,3352.436130882885,2285.411309999996,3457.6151259999956,past_due,1172.2038159999997
47,167.48615099493395,236.7547607421875,2642.186130882885,3352.436130882885,2670.8462279999985,3457.2653809999993,past_due,786.4191530000006
48,166.81760301959736,236.7547607421875,2642.186130882885,3352.436130882885,2670.8462279999985,3456.621322,past_due,785.7750940000017
49,169.14614544483675,236.7547607421875,2642.186130882885,3352.436130882885,2701.421397999995,3657.658736999996,past_due,956.2373390000012
50,165.5488130851327,236.7547607421875,2672.296745349909,3382.546745349909,2670.8462279999985,3659.887295999997,past_due,989.0410679999989
51,181.2786045172569,236.7547607421875,2672.296745349909,3382.546745349909,2701.421397999995,3658.883804999996,past_due,957.4624070000011
52,172.84055391399446,236.7547607421875,2672.296745349909,3382.546745349909,2701.421397999995,3659.3140849999963,past_due,957.8926870000012
53,193.61106959507725,236.7547607421875,2672.296745349909,3382.546745349909,2701.421397999995,3659.7525589999955,past_due,958.3311610000004
54,198.88989239028905,236.7547607421875,2672.296745349909,3382.546745349909,3104.5760079999964,3851.591517999997,past_due,747.0155100000007
55,170.77107272190497,236.7547607421875,3071.1182610448664,3781.3682610448654,3104.5760079999964,3851.5276409999983,past_due,746.951633000002
56,160.90307283442507,236.7547607421875,3071.1182610448664,3781.3682610448654,3104.5760079999964,3852.874967999996,past_due,748.2989599999996
57,181.34287499233469,236.7547607421875,3071.1182610448664,3781.3682610448654,3104.5760079999964,3851.644655999999,past_due,747.0686480000026
58,177.15789500114948,236.7547607421875,3071.1182610448664,3781.3682610448654,2701.421397999995,3853.2811509999947,past_due,1151.859753
59,171.3641116121753,236.7547607421875,3071.1182610448664,3781.3682610448654,3682.9767139999967,4051.066187999998,past_due,368.08947400000136
65,187.08350248464492,236.7547607421875,3658.291996351096,4368.541996351096,3682.9767139999967,4052.484810999994,done,369.5080969999971
66,163.53757534303082,236.7547607421875,3658.291996351096,4368.541996351096,3104.5760079999964,4052.2712729999967,done,947.6952650000001
67,185.28440339692736,236.7547607421875,3658.291996351096,4368.541996351096,3682.9767139999967,4052.018275999996,done,369.0415619999996
68,160.7000804217551,236.7547607421875,3658.291996351096,4368.541996351096,3682.9767139999967,4052.495093999996,done,369.5183799999989
69,162.06744379452633,236.7547607421875,3658.291996351096,4368.541996351096,3682.9767139999967,4275.594567999997,done,592.6178540000002
60,182.30883070020377,236.7547607421875,3646.108703979788,4356.358703979788,3696.865649,4274.093970999999,done,577.2283219999998
61,160.91075262433097,236.7547607421875,3646.108703979788,4356.358703979788,3696.865649,4276.431688000002,done,579.566039000003
62,176.89976849625998,236.7547607421875,3646.108703979788,4356.358703979788,3696.865649,4275.78269,done,578.9170410000004
63,164.45947032978398,236.7547607421875,3646.108703979788,4356.358703979788,3696.865649,4275.218264,done,578.352615
64,222.4157140130999,236.7547607421875,3646.108703979788,4356.358703979788,3696.865649,4277.911333999999,done,581.0456849999995
70,209.4127892660836,236.7547607421875,3908.53693481536,4618.78693481536,3947.538176999999,4494.714836999997,done,547.176659999998
71,196.8275868423602,236.7547607421875,3908.53693481536,4618.78693481536,3947.538176999999,4498.133657999997,done,550.5954809999984
72,181.23501839194088,236.7547607421875,3908.53693481536,4618.78693481536,3947.538176999999,4496.591591999995,done,549.053414999996
73,172.06496273455485,236.7547607421875,3908.53693481536,4618.78693481536,3947.538176999999,4498.011111999997,done,550.4729349999984
74,205.112593774327,236.7547607421875,3908.53693481536,4618.78693481536,3947.538176999999,4497.775259999998,done,550.237082999999
75,185.097000054447,236.7547607421875,4918.955226869528,5629.205226869528,4962.611929999999,5141.053371999999,done,178.44144200000045
76,174.65158726965328,236.7547607421875,4918.955226869528,5629.205226869528,4962.611929999999,5140.678834000004,done,178.0669040000049
77,169.47553545875635,236.7547607421875,4918.955226869528,5629.205226869528,4962.611929999999,5334.237827999997,done,371.6258979999978
78,170.660113257405,236.7547607421875,4918.955226869528,5629.205226869528,4962.611929999999,5333.495547000003,done,370.883617000004
79,162.22033988951304,236.7547607421875,4918.955226869528,5629.205226869528,4962.611929999999,5332.910109000001,done,370.2981790000024
80,184.97464200506911,236.7547607421875,6629.562650389367,7339.812650389367,6674.222282999996,6918.472997999997,done,244.2507149999997
81,161.82833045892122,236.7547607421875,6629.562650389367,7339.812650389367,6674.222282999996,7159.5167589999965,done,485.29447600000003
82,230.3643927989916,236.7547607421875,6629.562650389367,7339.812650389367,6674.222282999996,7158.874350999992,done,484.6520679999955
83,176.84405655237762,236.7547607421875,6629.562650389367,7339.812650389367,6674.222282999996,7159.5331119999955,done,485.3108289999994
84,161.83357073213986,236.7547607421875,6629.562650389367,7339.812650389367,6674.222282999996,7160.611202999992,done,486.388919999996
85,205.1762384388533,236.7547607421875,6663.0572948590525,7373.3072948590525,6711.8105679999935,7157.4328569999925,done,445.62228899999917
86,229.93821233563563,236.7547607421875,6663.0572948590525,7373.3072948590525,6711.8105679999935,7159.959948999994,done,448.14938100000035
87,200.3342769836442,236.7547607421875,6663.0572948590525,7373.3072948590525,6711.8105679999935,7159.285898999993,done,447.4753309999997
88,167.31610112471762,236.7547607421875,6663.0572948590525,7373.3072948590525,6711.8105679999935,7369.423125999991,done,657.6125579999967
89,209.1043479674664,236.7547607421875,6663.0572948590525,7373.3072948590525,6711.8105679999935,7371.847883999993,done,660.0373160000004
90,160.51019007414158,236.7547607421875,7584.116880577627,8294.366880577627,7636.414279999997,7816.177967999998,done,179.7636880000013
91,178.16199262190136,236.7547607421875,7584.116880577627,8294.366880577627,7636.414279999997,8041.012103999997,done,404.59782399999966
92,173.50580647532354,236.7547607421875,7584.116880577627,8294.366880577627,7696.903139999995,8042.284944999998,done,345.3818050000024
93,160.21140714030545,236.7547607421875,7584.116880577627,8294.366880577627,7636.414279999997,8042.143653999993,done,405.7293739999963
94,161.00697809448565,236.7547607421875,7584.116880577627,8294.366880577627,7636.414279999997,8042.889897999999,done,406.47561800000176
95,215.5657289309248,236.7547607421875,7639.491820103596,8349.741820103596,7636.414279999997,8043.730480999998,done,407.31620100000043
96,160.37149624193088,236.7547607421875,7639.491820103596,8349.741820103596,7696.903139999995,8040.946572999998,done,344.04343300000306
97,165.49564495133473,236.7547607421875,7639.491820103596,8349.741820103596,7696.903139999995,8041.922699999992,done,345.0195599999972
98,186.85728730702567,236.7547607421875,7639.491820103596,8349.741820103596,7696.903139999995,8218.737825999993,done,521.8346859999983
99,165.52138940014177,236.7547607421875,7639.491820103596,8349.741820103596,7696.903139999995,8220.330300999996,done,523.4271610000008
100,172.0682704879896,236.7547607421875,8440.677286232472,9150.927286232472,8498.331472999998,8677.927828999997,done,179.59635599999757
101,187.05707808878836,236.7547607421875,8440.677286232472,9150.927286232472,8498.331472999998,8884.706976999998,done,386.3755040000001
102,167.85916286195294,236.7547607421875,8440.677286232472,9150.927286232472,8498.331472999998,8883.215313999995,done,384.88384099999706
103,173.46976554503934,236.7547607421875,8440.677286232472,9150.927286232472,8498.331472999998,8884.149495000001,done,385.8180220000023
104,165.3510635447078,236.7547607421875,8440.677286232472,9150.927286232472,8498.331472999998,8884.593632000004,done,386.2621590000046
105,228.22399489011093,236.7547607421875,8659.529597089846,9369.779597089846,8719.187215999998,9115.726117999995,done,396.5389019999961
106,177.30768727216,236.7547607421875,8659.529597089846,9369.779597089846,8777.904131999996,9116.900460999994,done,338.9963289999969
107,170.6334016505619,236.7547607421875,8659.529597089846,9369.779597089846,8719.187215999998,9116.813662000002,done,397.62644600000385
108,166.85836635049475,236.7547607421875,8659.529597089846,9369.779597089846,8719.187215999998,9117.596248000002,done,398.4090320000036
109,164.15350654206225,236.7547607421875,8659.529597089846,9369.779597089846,8719.187215999998,9116.394498000001,done,397.20728200000366
110,184.5648847305594,236.7547607421875,8714.155960077433,9424.405960077433,8719.187215999998,9117.371039999998,done,398.1838240000002
111,167.58662951599328,236.7547607421875,8714.155960077433,9424.405960077433,8777.904131999996,9117.800136999997,done,339.89600499999995
112,178.82338767225372,236.7547607421875,8714.155960077433,9424.405960077433,8777.904131999996,9116.929571999997,done,339.02544000000034
113,162.68592725840966,236.7547607421875,8714.155960077433,9424.405960077433,8963.475697000002,9377.462545000002,done,413.9868480000004
114,251.53938782641703,236.7547607421875,8714.155960077433,9424.405960077433,8777.904131999996,9377.160658,done,599.2565260000049
115,200.08273466998315,236.7547607421875,8896.009685363515,9606.259685363517,8777.904131999996,9376.627699999994,done,598.7235679999969
116,172.77542581805298,236.7547607421875,8896.009685363515,9606.259685363517,8963.475697000002,9377.175853000006,done,413.7001560000045
117,162.48521426691823,236.7547607421875,8896.009685363515,9606.259685363517,8963.475697000002,9375.659834000006,done,412.1841370000041
118,168.5255290472148,236.7547607421875,8896.009685363515,9606.259685363517,8963.475697000002,9376.906903000001,done,413.4312059999985
119,233.9121672687931,236.7547607421875,8896.009685363515,9606.259685363517,8963.475697000002,9376.391646000004,done,412.91594900000206
120,165.7089901105678,236.7547607421875,9832.724412334215,10542.974412334215,9902.842865,10085.931496000005,done,183.08863100000394
121,173.48252895056973,236.7547607421875,9832.724412334215,10542.974412334215,9902.842865,10085.849305999996,done,183.0064409999963
122,173.42137186680898,236.7547607421875,9832.724412334215,10542.974412334215,9902.842865,10289.567803000002,done,386.72493800000035
123,200.1263408365274,236.7547607421875,9832.724412334215,10542.974412334215,9902.842865,10289.616067999998,done,386.773202999997
124,180.25218533226865,236.7547607421875,9832.724412334215,10542.974412334215,9902.842865,10289.444579999998,done,386.60171499999757
125,167.27629967409237,236.7547607421875,10091.840363843734,10802.090363843734,10164.316429,10485.175242999998,done,320.8588139999975
126,162.15230229632482,236.7547607421875,10091.840363843734,10802.090363843734,10164.316429,10484.903554000004,done,320.58712500000297
127,190.9173119935832,236.7547607421875,10091.840363843734,10802.090363843734,10164.316429,10484.457685000007,done,320.14125600000654
128,173.40083781963256,236.7547607421875,10091.840363843734,10802.090363843734,10164.316429,10485.368956000006,done,321.0525270000062
129,166.64213416871854,236.7547607421875,10091.840363843734,10802.090363843734,10164.316429,10486.251194999999,done,321.93476599999826
130,160.23713292481673,236.7547607421875,10240.306491123074,10950.556491123074,10316.269667,10679.506322999998,done,363.236655999998
131,182.2561018147701,236.7547607421875,10240.306491123074,10950.556491123074,10316.269667,10680.530877000003,done,364.2612100000022
132,189.69696074197367,236.7547607421875,10240.306491123074,10950.556491123074,10316.269667,10681.664026,done,365.3943589999997
133,160.1862849440802,236.7547607421875,10240.306491123074,10950.556491123074,10316.269667,10681.088526000003,done,364.8188590000032
134,165.25067755057913,236.7547607421875,10240.306491123074,10950.556491123074,10316.269667,10682.011679,done,365.7420119999984
135,171.10300011724829,236.7547607421875,10489.792888970638,11200.042888970638,10568.312923999998,10953.867342999993,done,385.5544189999946
136,268.46558897322006,236.7547607421875,10489.792888970638,11200.042888970638,10568.312923999998,10955.187404999997,done,386.8744809999996
137,163.93391991022264,236.7547607421875,10489.792888970638,11200.042888970638,10568.312923999998,10955.703188999998,done,387.39026500000045
138,167.20719966035742,236.7547607421875,10489.792888970638,11200.042888970638,10568.312923999998,10956.245679,done,387.9327550000013
139,165.8419791479694,236.7547607421875,10489.792888970638,11200.042888970638,10568.312923999998,10957.204970999997,done,388.8920469999988
150,166.4251911890474,236.7547607421875,10872.499873806952,11582.749873806952,10686.725855999995,11181.107544999997,done,494.38168900000085
151,168.1787499533715,236.7547607421875,10872.499873806952,11582.749873806952,10686.725855999995,11182.561781999993,done,495.83592599999804
152,164.60323210402655,236.7547607421875,10872.499873806952,11582.749873806952,10686.725855999995,11182.159037999994,done,495.43318199999925
153,160.22043687289172,236.7547607421875,10872.499873806952,11582.749873806952,10686.725855999995,11181.402543999993,done,494.6766879999984
154,184.6987537761352,236.7547607421875,10872.499873806952,11582.749873806952,10686.725855999995,11181.037801999992,done,494.3119459999963
140,192.41402101130456,236.7547607421875,10608.05306117298,11318.30306117298,10836.652604000004,11183.794370000005,done,347.141766
141,191.69553870875373,236.7547607421875,10608.05306117298,11318.30306117298,10836.652604000004,11182.474371000008,done,345.8217670000039
142,185.90204377284235,236.7547607421875,10608.05306117298,11318.30306117298,10836.652604000004,11182.890767000006,done,346.23816300000243
143,172.91338228065482,236.7547607421875,10608.05306117298,11318.30306117298,10836.652604000004,11183.347623,done,346.6950189999949
144,166.62611828721705,236.7547607421875,10608.05306117298,11318.30306117298,10954.564527000002,11373.648159000006,past_due,419.08363200000315
145,164.21654583322953,236.7547607421875,10756.75620284327,11467.00620284327,10954.564527000002,11374.562112000007,done,419.9975850000044
146,179.6267399097964,236.7547607421875,10756.75620284327,11467.00620284327,10954.564527000002,11373.946334999999,done,419.38180799999714
147,164.46999359962874,236.7547607421875,10756.75620284327,11467.00620284327,10954.564527000002,11373.859140999997,done,419.2946139999947
148,218.22440017719143,236.7547607421875,10756.75620284327,11467.00620284327,10836.652604000004,11374.636124000002,done,537.9835199999974
149,165.73345822749084,236.7547607421875,10756.75620284327,11467.00620284327,11161.252127,11374.252545999996,done,213.00041899999655
155,166.5623828643832,236.7547607421875,11075.1827154836,11785.4327154836,10954.564527000002,11373.812581000002,done,419.24805400000054
156,178.08899195852104,236.7547607421875,11075.1827154836,11785.4327154836,11161.252127,11375.109675999996,done,213.8575489999965
157,173.30299826711138,236.7547607421875,11075.1827154836,11785.4327154836,11161.252127,11375.833824,done,214.58169699999985
158,165.5021570375904,236.7547607421875,11075.1827154836,11785.4327154836,11161.252127,11373.890294,done,212.6381670000015
159,160.95601722177753,236.7547607421875,11075.1827154836,11785.4327154836,11161.252127,11555.238004999996,done,393.9858779999952
160,216.5861355311805,236.7547607421875,11335.041197415134,12045.291197415134,11424.140866999996,11778.889429999997,done,354.7485630000012
161,160.57338790034427,236.7547607421875,11335.041197415134,12045.291197415134,11424.140866999996,11779.436373999997,done,355.295507000001
162,165.83779147560537,236.7547607421875,11335.041197415134,12045.291197415134,11424.140866999996,11779.169775999995,done,355.02890899999784
163,179.0686809657226,236.7547607421875,11335.041197415134,12045.291197415134,11424.140866999996,11779.793814999995,done,355.65294799999947
164,164.97137535057712,236.7547607421875,11335.041197415134,12045.291197415134,11424.140866999996,11781.26540299999,done,357.1245359999935
165,189.29712047217276,236.7547607421875,11482.203620088145,12192.453620088145,11571.742326999993,11988.391355999991,done,416.64902899999845
166,205.40010360964197,236.7547607421875,11482.203620088145,12192.453620088145,11571.742326999993,11989.352957999996,done,417.61063100000234
167,182.06581680788116,236.7547607421875,11482.203620088145,12192.453620088145,11571.742326999993,11989.160422999992,done,417.4180959999987
168,163.74257762824976,236.7547607421875,11482.203620088145,12192.453620088145,11571.742326999993,11990.081271999994,done,418.3389450000021
169,167.65206352941,236.7547607421875,11482.203620088145,12192.453620088145,11571.742326999993,11988.729942999993,done,416.9876160000001
170,169.8385297206177,236.7547607421875,12061.130538884934,12771.380538884934,12154.908132999995,12328.725813000001,done,173.8176800000062
171,180.9642167730817,236.7547607421875,12061.130538884934,12771.380538884934,12154.908132999995,12552.574294999995,done,397.6661620000001
172,192.39116767387208,236.7547607421875,12061.130538884934,12771.380538884934,12154.908132999995,12552.540872999994,done,397.6327399999988
173,213.161602207474,236.7547607421875,12061.130538884934,12771.380538884934,12154.908132999995,12552.323408999991,done,397.4152759999967
174,165.01326659529434,236.7547607421875,12061.130538884934,12771.380538884934,12154.908132999995,12552.073738999998,done,397.1656060000015
175,170.2895022735376,236.7547607421875,12670.014162239546,13380.264162239546,12767.379114000005,12944.887644999999,done,177.50853099999375
176,182.11897221628428,236.7547607421875,12670.014162239546,13380.264162239546,12767.379114000005,13166.681321000004,done,399.3022069999981
177,163.7662600599522,236.7547607421875,12670.014162239546,13380.264162239546,12767.379114000005,13167.421734000005,done,400.0426200000007
178,174.00532802189915,236.7547607421875,12670.014162239546,13380.264162239546,12767.379114000005,13168.038912000004,done,400.6597979999995
179,211.0569614750081,236.7547607421875,12670.014162239546,13380.264162239546,12767.379114000005,13167.691428000002,done,400.3123139999971
180,162.83378657620918,236.7547607421875,12974.70078370383,13684.95078370383,13073.937487000005,13387.934784000005,done,313.99729700000023
181,187.8661575325127,236.7547607421875,12974.70078370383,13684.95078370383,13073.937487000005,13389.420275000002,done,315.4827879999971
182,197.9644300277199,236.7547607421875,12974.70078370383,13684.95078370383,13073.937487000005,13388.895289000007,done,314.9578020000021
183,217.9339868391625,236.7547607421875,12974.70078370383,13684.95078370383,13073.937487000005,13389.321331000008,done,315.3838440000029
184,166.15257409981723,236.7547607421875,12974.70078370383,13684.95078370383,13073.937487000005,13388.806162000004,done,314.8686749999996
185,161.47765330372172,236.7547607421875,13372.949365478156,14083.199365478156,13472.352276999998,13658.400839999998,done,186.04856299999997
186,178.96737111156656,236.7547607421875,13372.949365478156,14083.199365478156,13472.352276999998,13850.841649999998,done,378.48937300000074
187,160.80254483785683,236.7547607421875,13372.949365478156,14083.199365478156,13472.352276999998,13850.301418000001,done,377.949141000002
188,165.21600378562584,236.7547607421875,13372.949365478156,14083.199365478156,13472.352276999998,13850.980223,done,378.62794600000177
189,180.6596045601492,236.7547607421875,13372.949365478156,14083.199365478156,13472.352276999998,13850.841923000004,done,378.4896460000056
190,160.50321920509938,236.7547607421875,13740.794883556651,14451.044883556651,13844.965531000002,14043.859310000003,done,198.89377900000227
191,161.54980910009144,236.7547607421875,13740.794883556651,14451.044883556651,13844.965531000002,14043.876607000004,done,198.91107600000169
192,182.97355212383303,236.7547607421875,13740.794883556651,14451.044883556651,13844.965531000002,14043.813094000003,done,198.84756300000106
193,165.82418480921964,236.7547607421875,13740.794883556651,14451.044883556651,13844.965531000002,14045.072327000002,done,200.10679600000003
194,160.6950814614629,236.7547607421875,13740.794883556651,14451.044883556651,13844.965531000002,14045.622834000002,done,200.65730299999984
195,174.75135247883293,236.7547607421875,13899.739333705584,14609.989333705584,14004.809742999998,14230.198479000004,done,225.38873600000642
196,165.24771088729028,236.7547607421875,13899.739333705584,14609.989333705584,14004.809742999998,14230.945541,done,226.13579800000136
197,169.63344745132014,236.7547607421875,13899.739333705584,14609.989333705584,14004.809742999998,14232.301463999998,done,227.49172099999984
198,161.24967420231533,236.7547607421875,13899.739333705584,14609.989333705584,14004.809742999998,14231.906779999998,done,227.09703700000006
199,161.29525914169284,236.7547607421875,13899.739333705584,14609.989333705584,14004.809742999998,14232.532373999997,done,227.7226309999989
205,189.2892529050017,236.7547607421875,14526.41425348324,15236.66425348324,14614.294565000004,14787.573288,done,173.2787229999957
206,160.72052190503848,236.7547607421875,14526.41425348324,15236.66425348324,14614.294565000004,15006.808284000004,done,392.5137190000001
207,164.9391190799994,236.7547607421875,14526.41425348324,15236.66425348324,14614.294565000004,15005.613620000007,done,391.31905500000386
208,173.34992953038056,236.7547607421875,14526.41425348324,15236.66425348324,14614.294565000004,15005.341274000006,done,391.04670900000116
209,209.155786796346,236.7547607421875,14526.41425348324,15236.66425348324,14614.294565000004,15006.190731000006,done,391.8961660000022
200,168.73550280216273,236.7547607421875,14508.12978992063,15218.37978992063,14633.165163999998,15006.922513,done,373.7573490000017
201,165.17680208993562,236.7547607421875,14508.12978992063,15218.37978992063,14633.165163999998,15008.035993999998,done,374.870829999999
202,192.3368200541784,236.7547607421875,14508.12978992063,15218.37978992063,14633.165163999998,15007.394827999997,done,374.2296639999978
203,164.16496068643838,236.7547607421875,14508.12978992063,15218.37978992063,14633.165163999998,15007.812361999997,done,374.6471979999981
204,197.7993349298818,236.7547607421875,14508.12978992063,15218.37978992063,14633.165163999998,15006.868440999995,done,373.703276999997
215,189.08763486272707,236.7547607421875,15216.057228965072,15926.307228965072,15303.590463,15493.040879,done,189.45041599999968
216,166.0431069306827,236.7547607421875,15216.057228965072,15926.307228965072,15303.590463,15688.630525999999,done,385.04006299999816
217,166.4770778003513,236.7547607421875,15216.057228965072,15926.307228965072,15303.590463,15688.148980999998,done,384.55851799999857
218,191.44625847810963,236.7547607421875,15216.057228965072,15926.307228965072,15303.590463,15687.251266,done,383.66080299999794
219,163.30025520759554,236.7547607421875,15216.057228965072,15926.307228965072,15325.33333,15689.869302,done,364.53597199999876
210,194.9851568182212,236.7547607421875,15195.767588687488,15906.017588687488,15325.33333,15689.560526999998,done,364.22719699999817
211,166.5640378722573,236.7547607421875,15195.767588687488,15906.017588687488,15325.33333,15689.354823999998,done,364.0214939999993
212,162.68929539383538,236.7547607421875,15195.767588687488,15906.017588687488,15303.590463,15689.038867999998,done,385.4484049999982
213,171.16763834039352,236.7547607421875,15195.767588687488,15906.017588687488,15325.33333,15689.241500000002,done,363.90817000000203
214,176.1073471117776,236.7547607421875,15195.767588687488,15906.017588687488,15325.33333,15689.049947000001,done,363.71661700000146
220,161.43810669673968,236.7547607421875,15537.407581881072,16247.657581881072,15649.083011000002,15898.43682,done,249.3538089999987
221,165.70905414239894,236.7547607421875,15537.407581881072,16247.657581881072,15649.083011000002,15897.765114999998,done,248.68210399999668
222,177.85730887065668,236.7547607421875,15537.407581881072,16247.657581881072,15649.083011000002,15897.385338999997,done,248.30232799999408
223,205.03630659719116,236.7547607421875,15537.407581881072,16247.657581881072,15649.083011000002,15898.480202000002,done,249.3971909999999
224,182.46179182271288,236.7547607421875,15537.407581881072,16247.657581881072,15649.083011000002,15899.693065000001,done,250.61005399999917
225,163.88988855885046,236.7547607421875,16131.166005206833,16841.416005206833,16247.451935999998,16419.389143999993,done,171.93720799999568
226,160.8102322648507,236.7547607421875,16131.166005206833,16841.416005206833,16247.451935999998,16597.749473999997,done,350.2975379999995
227,174.49539229733014,236.7547607421875,16131.166005206833,16841.416005206833,16247.451935999998,16599.023911999993,done,351.57197599999535
228,163.06499696306815,236.7547607421875,16131.166005206833,16841.416005206833,16247.451935999998,16598.671542999997,done,351.2196069999973
229,162.79646625050023,236.7547607421875,16131.166005206833,16841.416005206833,16247.451935999998,16600.635954999994,done,353.18401899999685
230,169.01719144744234,236.7547607421875,16682.546803657257,17392.796803657257,16803.361811000002,17016.896203000004,done,213.53439199999968
231,205.2176669155193,236.7547607421875,16682.546803657257,17392.796803657257,16803.361811000002,17221.500494000004,done,418.13868300000223
232,198.6973101530812,236.7547607421875,16682.546803657257,17392.796803657257,16803.361811000002,17221.277947000006,done,417.9161360000023
233,172.46365489527253,236.7547607421875,16682.546803657257,17392.796803657257,16803.361811000002,17220.861195000005,done,417.4993840000028
234,175.01503512496134,236.7547607421875,16682.546803657257,17392.796803657257,16803.361811000002,17221.29918900001,done,417.93737800000486
235,196.51030304254144,236.7547607421875,16904.0754649611,17614.3254649611,17025.274579999998,17422.289052,done,397.0144720000022
236,177.09617406170656,236.7547607421875,16904.0754649611,17614.3254649611,17025.274579999998,17421.540327999995,done,396.2657479999976
237,171.48631310115726,236.7547607421875,16904.0754649611,17614.3254649611,17025.274579999998,17422.356462,done,397.081882000002
238,168.04316549751132,236.7547607421875,16904.0754649611,17614.3254649611,17025.274579999998,17422.076790000003,done,396.80221000000415
239,166.78760939828382,236.7547607421875,16904.0754649611,17614.3254649611,17025.274579999998,17423.328598999997,done,398.0540189999999
240,169.89018488304603,236.7547607421875,17990.276611184778,18700.526611184778,18115.882511,18294.41681,done,178.53429899999895
241,221.51160697178665,236.7547607421875,17990.276611184778,18700.526611184778,18115.882511,18519.331475000006,done,403.4489640000061
242,160.0642479362757,236.7547607421875,17990.276611184778,18700.526611184778,18115.882511,18519.650793999997,done,403.768282999998
243,175.0363739549026,236.7547607421875,17990.276611184778,18700.526611184778,18115.882511,18521.173135,done,405.2906240000027
244,169.59013118878525,236.7547607421875,17990.276611184778,18700.526611184778,18115.882511,18520.582603999996,done,404.7000929999953
245,162.04338642083786,236.7547607421875,18221.59044660265,18931.84044660265,18347.852459999995,18737.026382999997,done,389.1739230000013
246,164.54420338854405,236.7547607421875,18221.59044660265,18931.84044660265,18347.852459999995,18738.271949999995,done,390.4194899999993
247,212.0797355923989,236.7547607421875,18221.59044660265,18931.84044660265,18347.852459999995,18737.921527000002,done,390.069067000006
248,183.3787837603752,236.7547607421875,18221.59044660265,18931.84044660265,18347.852459999995,18739.188793999998,done,391.3363340000018
249,182.6406633155032,236.7547607421875,18221.59044660265,18931.84044660265,18347.852459999995,18737.224883999996,done,389.3724240000012
250,168.10201685827337,236.7547607421875,19193.07325063437,19903.32325063437,19319.899889,19509.787656999997,done,189.8877679999984
251,160.80959387315994,236.7547607421875,19193.07325063437,19903.32325063437,19319.899889,19693.489223,done,373.58933400000177
252,181.7999946114092,236.7547607421875,19193.07325063437,19903.32325063437,19319.899889,19693.355663999995,done,373.4557749999965
253,160.807129788748,236.7547607421875,19193.07325063437,19903.32325063437,19319.899889,19694.169915,done,374.2700259999978
254,177.9091574789387,236.7547607421875,19193.07325063437,19903.32325063437,19319.899889,19695.111823,done,375.2119339999993
255,188.4353618135454,236.7547607421875,19646.97886140784,20357.22886140784,19776.132252,20002.891341000006,done,226.75908900000508
256,167.80465557447485,236.7547607421875,19646.97886140784,20357.22886140784,19776.132252,20216.155089999997,done,440.0228379999973
257,164.86327768692047,236.7547607421875,19646.97886140784,20357.22886140784,19776.132252,20215.871316,done,439.7390640000012
258,205.56408211807403,236.7547607421875,19646.97886140784,20357.22886140784,19776.132252,20215.497736999994,done,439.36548499999617
259,215.07384818660952,236.7547607421875,19646.97886140784,20357.22886140784,19776.132252,20214.972482000005,done,438.8402300000038
260,172.6305007947415,236.7547607421875,20266.218805416876,20976.468805416876,20397.657962,20574.921133999997,done,177.26317199999642
261,167.07447258293374,236.7547607421875,20266.218805416876,20976.468805416876,20397.657962,20771.826131,done,374.1681690000007
262,194.96098567711587,236.7547607421875,20266.218805416876,20976.468805416876,20397.657962,20773.715521000006,done,376.05755900000304
263,180.8511050801691,236.7547607421875,20266.218805416876,20976.468805416876,20397.657962,20772.796606000004,done,375.1386440000033
264,182.86736553122032,236.7547607421875,20266.218805416876,20976.468805416876,20397.657962,20773.430686000003,done,375.77272400000084
265,215.9078209489913,236.7547607421875,21382.862629830957,22093.112629830957,21514.581194,21700.772723000005,done,186.1915290000056
266,168.93508957027925,236.7547607421875,21382.862629830957,22093.112629830957,21514.581194,21921.213722999997,done,406.63252899999947
267,173.60572484397366,236.7547607421875,21382.862629830957,22093.112629830957,21514.581194,21921.960662,done,407.37946800000196
268,219.98855118414875,236.7547607421875,21382.862629830957,22093.112629830957,21514.581194,21921.232993,done,406.6517990000023
269,160.54084179627975,236.7547607421875,21382.862629830957,22093.112629830957,21514.581194,21921.109839,done,406.5286450000017
270,170.53981747007333,236.7547607421875,21561.647502666197,22271.897502666197,21696.950416999996,22105.870737999994,done,408.92032099999653
271,181.4491650114952,236.7547607421875,21561.647502666197,22271.897502666197,21696.950416999996,22106.942622,done,409.9922050000018
272,165.80273864502894,236.7547607421875,21561.647502666197,22271.897502666197,21696.950416999996,22105.753115,done,408.8026980000024
273,168.5266712477724,236.7547607421875,21561.647502666197,22271.897502666197,21696.950416999996,22105.065251,done,408.1148340000027
274,173.13671342095938,236.7547607421875,21561.647502666197,22271.897502666197,21696.950416999996,22108.224127,done,411.27371000000323
280,179.66842771930243,236.7547607421875,22143.867951870565,22854.117951870565,22246.799012,22418.308673999996,done,171.5096619999983
281,171.3996874435037,236.7547607421875,22143.867951870565,22854.117951870565,22246.799012,22635.342045000005,done,388.5430330000048
282,162.528637518428,236.7547607421875,22143.867951870565,22854.117951870565,22246.799012,22636.993704999997,done,390.194692999998
283,181.77250563838732,236.7547607421875,22143.867951870565,22854.117951870565,22246.799012,22636.131123000003,done,389.33211100000165
284,213.53588847875952,236.7547607421875,22143.867951870565,22854.117951870565,22246.799012,22638.175148,done,391.3761359999981
275,161.37321126490863,236.7547607421875,22106.202674121985,22816.452674121985,22284.894414,22637.992391000003,done,353.09797700000445
276,163.1980063215781,236.7547607421875,22106.202674121985,22816.452674121985,22284.894414,22638.497384000002,done,353.6029700000043
277,164.91715946747735,236.7547607421875,22106.202674121985,22816.452674121985,22284.894414,22637.48925,done,352.5948360000015
278,160.3018551862739,236.7547607421875,22106.202674121985,22816.452674121985,22284.894414,22637.988567999997,done,353.0941539999972
279,182.72554778590128,236.7547607421875,22106.202674121985,22816.452674121985,22284.894414,22637.349465,done,352.45505099999974
285,168.99348686814704,236.7547607421875,22518.764993228637,23229.014993228637,22663.946439999992,22848.66298299999,done,184.7165430000004
286,192.60269591453036,236.7547607421875,22518.764993228637,23229.014993228637,22663.946439999992,23049.422123999993,done,385.4756839999993
287,162.05367515288097,236.7547607421875,22518.764993228637,23229.014993228637,22663.946439999992,23047.705869999998,done,383.7594300000049
288,166.41574364682032,236.7547607421875,22518.764993228637,23229.014993228637,22663.946439999992,23048.716980999994,done,384.77054100000174
289,176.4297044169413,236.7547607421875,22518.764993228637,23229.014993228637,22663.946439999992,23049.367005999993,done,385.4205660000005
290,179.65671498049772,236.7547607421875,22722.47127499513,23432.72127499513,22868.719913999998,23234.025278999994,done,365.3053649999976
291,180.02132386520802,236.7547607421875,22722.47127499513,23432.72127499513,22868.719913999998,23234.048283,done,365.3283690000038
292,161.307368941202,236.7547607421875,22722.47127499513,23432.72127499513,22868.719913999998,23234.818309,done,366.0983950000017
293,162.5151455893851,236.7547607421875,22722.47127499513,23432.72127499513,22868.719913999998,23234.093234999997,done,365.37332099999986
294,162.86142577090348,236.7547607421875,22722.47127499513,23432.72127499513,22868.719913999998,23235.430576999996,done,366.71066299999916
295,161.1320092959048,236.7547607421875,24440.41193520669,25150.66193520669,24588.585575,24762.076010999994,done,173.49043599999447
296,170.44861997292134,236.7547607421875,24440.41193520669,25150.66193520669,24588.585575,24938.177076,done,349.591500999999
297,161.8565584066957,236.7547607421875,24440.41193520669,25150.66193520669,24588.585575,24937.143934000003,done,348.5583590000019
298,164.52149889861855,236.7547607421875,24440.41193520669,25150.66193520669,24588.585575,24937.956595,done,349.37101999999953
299,170.26421664204352,236.7547607421875,24440.41193520669,25150.66193520669,24588.585575,24937.101189,done,348.5156140000001
300,167.7171056408695,236.7547607421875,24897.35743838164,25607.60743838164,25050.28015,25227.004671000002,done,176.72452100000413
301,193.09245950864815,236.7547607421875,24897.35743838164,25607.60743838164,25050.28015,25428.95437,done,378.6742200000006
302,189.66450935262327,236.7547607421875,24897.35743838164,25607.60743838164,25050.28015,25428.245096,done,377.96494599999875
303,162.76321044647165,236.7547607421875,24897.35743838164,25607.60743838164,25050.28015,25428.999755999997,done,378.7196059999971
304,169.30114639643787,236.7547607421875,24897.35743838164,25607.60743838164,25050.28015,25429.694626,done,379.4144760000009
305,187.2092589398534,236.7547607421875,25282.22697979392,25992.47697979392,25435.784705,25621.933132,done,186.14842699999912
306,187.12870829811348,236.7547607421875,25282.22697979392,25992.47697979392,25435.784705,25819.600333999995,done,383.8156289999972
307,163.22550971095268,236.7547607421875,25282.22697979392,25992.47697979392,25435.784705,25820.272319,done,384.4876140000011
308,169.5205780949228,236.7547607421875,25282.22697979392,25992.47697979392,25487.836193,25819.915610000004,done,332.07941700000276
309,164.98453380389444,236.7547607421875,25282.22697979392,25992.47697979392,25435.784705,25821.591512,done,385.8068070000016
310,182.8910826265238,236.7547607421875,25333.276126720128,26043.526126720128,25435.784705,25822.262755999996,done,386.47805099999744
311,166.4651280544191,236.7547607421875,25333.276126720128,26043.526126720128,25487.836193,25820.989221999993,done,333.15302899999466
312,166.14066895787886,236.7547607421875,25333.276126720128,26043.526126720128,25487.836193,25822.084197999997,done,334.2480049999992
313,170.40881119991778,236.7547607421875,25333.276126720128,26043.526126720128,25487.836193,25822.743183,done,334.90699000000035
314,168.15883540245613,236.7547607421875,25333.276126720128,26043.526126720128,25487.836193,25821.843682999996,done,334.00748999999763
315,190.11649934581223,236.7547607421875,25690.1192678726,26400.3692678726,25846.658007,26059.376088,done,212.7180809999985
316,194.6040121353456,236.7547607421875,25690.1192678726,26400.3692678726,25846.658007,26267.362724000002,done,420.70471699999956
317,180.1818835390821,236.7547607421875,25690.1192678726,26400.3692678726,25846.658007,26266.867414000004,done,420.20940700000153
318,195.8681449924304,236.7547607421875,25690.1192678726,26400.3692678726,25846.658007,26268.553539000004,done,421.8955320000007
319,181.6657336380331,236.7547607421875,25690.1192678726,26400.3692678726,25846.658007,26267.491839000002,done,420.8338319999996
320,160.9978874249399,236.7547607421875,26818.41264553542,27528.66264553542,26979.896236,27202.467272000005,done,222.57103600000502
321,164.20630200728337,236.7547607421875,26818.41264553542,27528.66264553542,26979.896236,27201.7321,done,221.8358639999991
322,176.19339778884773,236.7547607421875,26818.41264553542,27528.66264553542,26979.896236,27432.108314999998,done,452.2120789999988
323,220.0450881148347,236.7547607421875,26818.41264553542,27528.66264553542,26979.896236,27433.013644999995,done,453.1174089999936
324,207.43660973611557,236.7547607421875,26818.41264553542,27528.66264553542,26979.896236,27434.681852,done,454.78561600000234
325,161.24997187748934,236.7547607421875,27343.089729347164,28053.339729347164,27505.331266999998,27707.487742999998,done,202.15647599999895
326,189.42905407500103,236.7547607421875,27343.089729347164,28053.339729347164,27505.331266999998,27911.331211999997,done,405.9999449999978
327,189.6433059070865,236.7547607421875,27343.089729347164,28053.339729347164,27505.331266999998,27911.148766999995,done,405.81749999999766
328,160.76506620651327,236.7547607421875,27343.089729347164,28053.339729347164,27505.331266999998,27910.741489,done,405.41022200000043
329,165.7943807014219,236.7547607421875,27343.089729347164,28053.339729347164,27505.331266999998,27909.924666999992,done,404.593399999996
330,176.6369234776679,236.7547607421875,27807.019106772743,28517.269106772743,27971.43108,28155.920476000003,done,184.48939600000358
331,160.98953234690262,236.7547607421875,27807.019106772743,28517.269106772743,27971.43108,28368.759288000005,done,397.3282080000047
332,180.73866395268345,236.7547607421875,27807.019106772743,28517.269106772743,28011.826645999998,28369.516560000004,done,357.6899140000052
333,162.37321752851423,236.7547607421875,27807.019106772743,28517.269106772743,27971.43108,28368.790674999997,done,397.3595949999975
334,201.05640814585172,236.7547607421875,27807.019106772743,28517.269106772743,27971.43108,28370.203384000004,done,398.7723040000048
335,184.31159636001752,236.7547607421875,27843.476803381065,28553.726803381065,28011.826645999998,28371.221761999994,done,359.39511599999463
336,181.6926667076151,236.7547607421875,27843.476803381065,28553.726803381065,27971.43108,28370.073078999998,done,398.64199899999875
337,186.5802707897853,236.7547607421875,27843.476803381065,28553.726803381065,28011.826645999998,28369.106335,done,357.27968900000207
338,170.32815323967273,236.7547607421875,27843.476803381065,28553.726803381065,28011.826645999998,28368.146548999997,done,356.3199029999993
339,185.76347569472892,236.7547607421875,27843.476803381065,28553.726803381065,28081.248046,28370.748231,done,289.5001850000014
340,161.49548025869626,236.7547607421875,27912.623556392475,28622.873556392475,28011.826645999998,28370.64555,done,358.81890400000316
341,168.25356687416675,236.7547607421875,27912.623556392475,28622.873556392475,28081.248046,28371.469939000002,done,290.2218930000018
342,165.96498754339578,236.7547607421875,27912.623556392475,28622.873556392475,28081.248046,28370.139822999998,done,288.89177699999635
343,163.58154708896564,236.7547607421875,27912.623556392475,28622.873556392475,28081.248046,28372.253868000003,done,291.00582200000247
344,173.72849577885054,236.7547607421875,27912.623556392475,28622.873556392475,28081.248046,28370.857534000002,done,289.6094880000035
345,176.2030504473786,236.7547607421875,28568.55939930349,29278.80939930349,28739.974542,28924.638484,done,184.66394200000025
346,172.41211713338694,236.7547607421875,28568.55939930349,29278.80939930349,28739.974542,28925.209245,done,185.234702999999
347,168.77810139123957,236.7547607421875,28568.55939930349,29278.80939930349,28739.974542,29153.126645,done,413.1521030000016
348,164.11223060664,236.7547607421875,28568.55939930349,29278.80939930349,28739.974542,29155.002978,done,415.0284360000001
349,181.13361888932857,236.7547607421875,28568.55939930349,29278.80939930349,28739.974542,29153.322865000002,done,413.348323000001
350,168.33750482333224,236.7547607421875,28733.947505445605,29444.197505445605,28905.581313999995,29154.489157999997,done,248.90784400000143
351,197.0617147735069,236.7547607421875,28733.947505445605,29444.197505445605,28905.581313999995,29155.29471,done,249.7133960000042
352,161.31769807500177,236.7547607421875,28733.947505445605,29444.197505445605,28905.581313999995,29154.287736000002,done,248.70642200000503
353,217.55875993636505,236.7547607421875,28733.947505445605,29444.197505445605,28905.581313999995,29155.958050999998,done,250.3767370000034
354,169.78224367285554,236.7547607421875,28733.947505445605,29444.197505445605,28905.581313999995,29155.30488399999,done,249.72356999999332
355,182.4158472648396,236.7547607421875,29879.81361361368,30590.06361361368,30051.603424,30231.443139999996,done,179.83971599999649
356,175.756814131675,236.7547607421875,29879.81361361368,30590.06361361368,30051.603424,30433.622009,done,382.0185849999973
357,169.82553459744423,236.7547607421875,29879.81361361368,30590.06361361368,30051.603424,30434.316281000003,done,382.71285700000135
358,162.89504241622816,236.7547607421875,29879.81361361368,30590.06361361368,30051.603424,30433.50485,done,381.9014259999989
359,191.8570519869764,236.7547607421875,29879.81361361368,30590.06361361368,30051.603424,30433.956499,done,382.3530749999975
360,164.08998739537572,236.7547607421875,30573.163836689542,31283.413836689542,30749.329879,30927.573531,done,178.24365199999903
361,170.4392102858787,236.7547607421875,30573.163836689542,31283.413836689542,30749.329879,31101.672069000004,done,352.34219000000166
362,164.43644633613377,236.7547607421875,30573.163836689542,31283.413836689542,30749.329879,31102.715809,done,353.38593000000174
363,168.96009176249595,236.7547607421875,30573.163836689542,31283.413836689542,30749.329879,31102.517273000005,done,353.18739400000254
364,167.94383064388998,236.7547607421875,30573.163836689542,31283.413836689542,30749.329879,31103.878608000003,done,354.5487290000011
365,204.7998093322889,236.7547607421875,30797.60554206624,31507.85554206624,30974.280412999997,31360.620764,done,386.3403510000012
366,192.04997761276155,236.7547607421875,30797.60554206624,31507.85554206624,30974.280412999997,31362.182567,done,387.9021540000025
367,172.41397327888063,236.7547607421875,30797.60554206624,31507.85554206624,30974.280412999997,31362.155874999993,done,387.8754619999967
368,165.90655606743417,236.7547607421875,30797.60554206624,31507.85554206624,30974.280412999997,31361.974237999995,done,387.6938249999995
369,164.59793260475269,236.7547607421875,30797.60554206624,31507.85554206624,30974.280412999997,31361.388538999992,done,387.108125999994
370,175.72529854640814,236.7547607421875,30903.81637762701,31614.06637762701,31080.885957,31361.148538,done,280.26258100000234
371,180.84590158968703,236.7547607421875,30903.81637762701,31614.06637762701,31080.885957,31360.618316,done,279.7323590000005
372,253.0093931145949,236.7547607421875,30903.81637762701,31614.06637762701,31080.885957,31363.973861000006,done,283.0879040000056
373,167.560836814886,236.7547607421875,30903.81637762701,31614.06637762701,31080.885957,31363.447719,done,282.5617620000003
374,164.27726081580502,236.7547607421875,30903.81637762701,31614.06637762701,31080.885957,31362.919419999995,done,282.03346299999765
375,165.78195208108113,236.7547607421875,31109.18254984439,31819.43254984439,31286.921645999995,31541.636879,done,254.715233000006
376,172.38689364233005,236.7547607421875,31109.18254984439,31819.43254984439,31286.921645999995,31544.427439999992,done,257.5057939999965
377,168.68548286629826,236.7547607421875,31109.18254984439,31819.43254984439,31286.921645999995,31545.424871999996,done,258.50322600000203
378,161.4744884263811,236.7547607421875,31109.18254984439,31819.43254984439,31286.921645999995,31544.598600999998,done,257.6769550000009
379,161.40109890119192,236.7547607421875,31109.18254984439,31819.43254984439,31286.921645999995,31544.539369999995,done,257.61772399999927
380,172.432508660117,236.7547607421875,31197.704379488187,31907.954379488187,31375.833451,31732.530755,done,356.6973040000008
381,161.436851272239,236.7547607421875,31197.704379488187,31907.954379488187,31503.562584,31733.860839,done,230.298255000001
382,176.5457467710607,236.7547607421875,31197.704379488187,31907.954379488187,31375.833451,31732.417262,done,356.58381100000014
383,163.20036399276137,236.7547607421875,31197.704379488187,31907.954379488187,31375.833451,31734.375717,done,358.5422660000006
384,162.00663859159755,236.7547607421875,31197.704379488187,31907.954379488187,31375.833451,31733.801937999993,done,357.96848699999373
395,187.73840499814577,236.7547607421875,31448.915077074347,32159.165077074347,31503.562584,31734.004184000005,done,230.44160000000602
396,191.99667752549183,236.7547607421875,31448.915077074347,32159.165077074347,31503.562584,31734.977157999998,done,231.41457399999865
397,161.46724366380292,236.7547607421875,31448.915077074347,32159.165077074347,31375.833451,31735.563602,done,359.73015100000083
398,190.6440220820336,236.7547607421875,31448.915077074347,32159.165077074347,31503.562584,31734.710309,done,231.1477249999996
399,180.6501902368498,236.7547607421875,31448.915077074347,32159.165077074347,31503.562584,31734.107117000007,done,230.54453300000688
385,162.82817009771708,236.7547607421875,31325.18625726607,32035.43625726607,31542.3543,31937.293308,done,394.9390080000015
386,179.3686956180913,236.7547607421875,31325.18625726607,32035.43625726607,31542.3543,31938.627872999994,done,396.2735729999949
387,175.2894599475621,236.7547607421875,31325.18625726607,32035.43625726607,31542.3543,31938.313466000003,done,395.95916600000436
388,184.59798179227897,236.7547607421875,31325.18625726607,32035.43625726607,31542.3543,31937.599107000002,done,395.2448070000045
389,165.17120830443974,236.7547607421875,31325.18625726607,32035.43625726607,31542.3543,31937.387913000002,done,395.0336130000025
390,167.45273301724697,236.7547607421875,31361.967051490377,32072.217051490377,31633.486982999995,31938.71773399999,done,305.2307509999963
391,169.9991240153742,236.7547607421875,31361.967051490377,32072.217051490377,31633.486982999995,31940.144789999995,done,306.6578070000005
392,166.38677605846067,236.7547607421875,31361.967051490377,32072.217051490377,31633.486982999995,31939.106010999996,done,305.6190280000024
393,200.6116192498722,236.7547607421875,31361.967051490377,32072.217051490377,31633.486982999995,31940.089434999994,done,306.6024519999999
394,167.99720562279322,236.7547607421875,31361.967051490377,32072.217051490377,31633.486982999995,31938.847914999995,done,305.36093199999925
400,175.07286720095425,236.7547607421875,32529.822677915825,33240.07267791583,32717.177184999997,32899.812834,done,182.63564899999804
401,171.50171021427352,236.7547607421875,32529.822677915825,33240.07267791583,32717.177184999997,33089.67738,done,372.5001950000007
402,186.23105647816405,236.7547607421875,32529.822677915825,33240.07267791583,32717.177184999997,33090.95138599999,done,373.77420099999625
403,167.05002231063824,236.7547607421875,32529.822677915825,33240.07267791583,32717.177184999997,33090.597115,done,373.4199299999972
404,174.98749618467824,236.7547607421875,32529.822677915825,33240.07267791583,32717.177184999997,33089.887794,done,372.7106090000021
405,184.6185077811659,236.7547607421875,32971.788864890266,33682.038864890266,33163.927467,33336.883219999996,done,172.95575299999652
406,160.49305405625842,236.7547607421875,32971.788864890266,33682.038864890266,33163.927467,33545.614165,done,381.6866979999958
407,207.4221628145154,236.7547607421875,32971.788864890266,33682.038864890266,33163.927467,33546.55201100001,done,382.62454400000223
408,164.28369896540002,236.7547607421875,32971.788864890266,33682.038864890266,33163.927467,33545.300067000004,done,381.37260000000595
409,180.83555269316895,236.7547607421875,32971.788864890266,33682.038864890266,33163.927467,33546.183411000005,done,382.2559440000006
410,177.59651441362126,236.7547607421875,34324.3352999033,35034.5852999033,34520.224215999995,34704.74178799999,done,184.5175719999972
411,160.82578168769282,236.7547607421875,34324.3352999033,35034.5852999033,34698.458339,34903.760732,done,205.30239300000372
412,174.21939968309368,236.7547607421875,34324.3352999033,35034.5852999033,34698.458339,34904.635863,done,206.17752400000452
413,174.73159109631823,236.7547607421875,34324.3352999033,35034.5852999033,34520.224215999995,34904.79446399999,done,384.57024799999573
414,192.6780845342096,236.7547607421875,34324.3352999033,35034.5852999033,34698.458339,34905.59348599999,done,207.13514699999536
415,183.37381826948487,236.7547607421875,34499.53405039249,35209.78405039249,34520.224215999995,34904.492969,done,384.26875300000063
416,164.96641617727647,236.7547607421875,34499.53405039249,35209.78405039249,34520.224215999995,34906.26484599999,done,386.04062999999655
417,171.9606291826388,236.7547607421875,34499.53405039249,35209.78405039249,34698.458339,34906.401859,done,207.9435200000006
418,186.2419827641319,236.7547607421875,34499.53405039249,35209.78405039249,34698.458339,34905.41124799999,done,206.95290899999463
419,163.59279499282275,236.7547607421875,34499.53405039249,35209.78405039249,34520.224215999995,34905.330991,done,385.1067750000041
420,162.35651064178433,236.7547607421875,34830.534538666376,35540.784538666376,35029.860942,35209.814168000004,done,179.95322600000208
421,176.67196245333332,236.7547607421875,34830.534538666376,35540.784538666376,35135.037400999994,35398.21977099999,done,263.18236999999556
422,171.28608256278932,236.7547607421875,34830.534538666376,35540.784538666376,35029.860942,35396.583442999996,done,366.72250099999815
423,167.377557691906,236.7547607421875,34830.534538666376,35540.784538666376,35135.037400999994,35397.665737999996,done,262.62833700000243
424,161.80105473953878,236.7547607421875,34830.534538666376,35540.784538666376,35029.860942,35397.646656,done,367.785714
425,170.45684641062292,236.7547607421875,34932.94228899434,35643.19228899434,35029.860942,35396.254003,done,366.39306100000374
426,171.16104198245637,236.7547607421875,34932.94228899434,35643.19228899434,35135.037400999994,35398.72674499999,done,263.68934399999944
427,181.2089967894692,236.7547607421875,34932.94228899434,35643.19228899434,35135.037400999994,35398.48300799999,done,263.4456069999942
428,179.0111837604303,236.7547607421875,34932.94228899434,35643.19228899434,35029.860942,35399.096412,done,369.2354699999996
429,160.93311064693785,236.7547607421875,34932.94228899434,35643.19228899434,35135.037400999994,35397.987472999994,done,262.9500720000024
430,213.1563259904152,236.7547607421875,35086.48632080442,35796.73632080442,35293.038734999995,35614.932861999994,done,321.8941270000002
431,164.64722909528257,236.7547607421875,35086.48632080442,35796.73632080442,35293.038734999995,35615.800683999994,done,322.76194899999666
432,165.63409435286775,236.7547607421875,35086.48632080442,35796.73632080442,35293.038734999995,35616.635113,done,323.59637800000485
433,162.51802786962983,236.7547607421875,35086.48632080442,35796.73632080442,35293.038734999995,35615.678224999996,done,322.63949000000025
434,180.55797986898625,236.7547607421875,35086.48632080442,35796.73632080442,35293.038734999995,35616.377977,done,323.33924200000297
435,188.90062735140447,236.7547607421875,36049.632967758414,36759.882967758414,36256.675861,36430.76314400001,done,174.08728300000575
436,163.7610658041643,236.7547607421875,36049.632967758414,36759.882967758414,36256.675861,36660.545102,done,403.8692409999953
437,171.82173401706768,236.7547607421875,36049.632967758414,36759.882967758414,36256.675861,36660.283652000006,done,403.6077909999989
438,162.46453990703102,236.7547607421875,36049.632967758414,36759.882967758414,36256.675861,36660.33330500001,done,403.6574440000038
439,163.0901835554287,236.7547607421875,36049.632967758414,36759.882967758414,36388.043445,36661.68615100001,done,273.642706000004
440,162.47959918510503,236.7547607421875,36176.40994468081,36886.65994468081,36256.675861,36660.80684500001,done,404.13098400000536
441,181.01143174431056,236.7547607421875,36176.40994468081,36886.65994468081,36388.043445,36662.62558500001,done,274.5821400000068
442,200.77882057841916,236.7547607421875,36176.40994468081,36886.65994468081,36388.043445,36661.640165,done,273.59671999999335
443,223.87936482184395,236.7547607421875,36176.40994468081,36886.65994468081,36388.043445,36662.12560000001,done,274.0821550000021
444,164.0288676314408,236.7547607421875,36176.40994468081,36886.65994468081,36388.043445,36662.802247000014,done,274.758802000008
445,182.15919142741689,236.7547607421875,36192.60585233724,36902.85585233724,36406.768929,36662.625792000006,done,255.85686300000532
446,199.56938742436176,236.7547607421875,36192.60585233724,36902.85585233724,36406.768929,36664.037916,done,257.26898700000334
447,175.81734945587442,236.7547607421875,36192.60585233724,36902.85585233724,36406.768929,36663.241820999996,done,256.4728919999979
448,170.48329201515637,236.7547607421875,36192.60585233724,36902.85585233724,36406.768929,36665.101806000006,done,258.33287700000795
449,161.9239280037586,236.7547607421875,36192.60585233724,36902.85585233724,36406.768929,36664.685245999994,done,257.91631699999584
450,259.36411038106843,236.7547607421875,36213.8911872313,36924.1411872313,36432.03245399999,36928.91751799999,past_due,496.8850639999971
451,166.73924913133567,236.7547607421875,36213.8911872313,36924.1411872313,36432.03245399999,36927.68723899999,past_due,495.65478499999926
452,173.41818155061213,236.7547607421875,36213.8911872313,36924.1411872313,36432.03245399999,36929.52120499998,past_due,497.4887509999917
453,172.7589937040996,236.7547607421875,36213.8911872313,36924.1411872313,36432.03245399999,36928.81591799999,past_due,496.7834640000035
454,163.62973731709607,236.7547607421875,36213.8911872313,36924.1411872313,36432.03245399999,36929.661216,past_due,497.62876200000505
455,190.45656543724056,236.7547607421875,36385.68143174009,37095.93143174009,36606.661159,36930.282021,done,323.6208619999985
456,168.77577204925507,236.7547607421875,36385.68143174009,37095.93143174009,36606.661159,36931.497623,done,324.83646400000055
457,173.33433486157773,236.7547607421875,36385.68143174009,37095.93143174009,36606.661159,36931.247794,done,324.58663500000284
458,164.20248815645078,236.7547607421875,36385.68143174009,37095.93143174009,36606.661159,36930.650391,done,323.9892320000024
459,170.7748218857523,236.7547607421875,36385.68143174009,37095.93143174009,36606.661159,36931.248316,done,324.5871569999963
460,264.5509453808076,236.7547607421875,36542.07387165667,37252.32387165667,36763.600408,37201.27549,done,437.67508199999844
461,167.27555097924807,236.7547607421875,36542.07387165667,37252.32387165667,36763.600408,37201.218456999995,done,437.6180489999939
462,161.21574797434036,236.7547607421875,36542.07387165667,37252.32387165667,36763.600408,37202.955015,done,439.3546069999985
463,169.12656174958917,236.7547607421875,36542.07387165667,37252.32387165667,36763.600408,37200.976589000005,done,437.3761810000048
464,185.3967743797988,236.7547607421875,36542.07387165667,37252.32387165667,36763.600408,37201.47522500001,done,437.874817000008
465,177.62062692337344,236.7547607421875,38448.20860123823,39158.45860123823,38670.42251,38865.07305999999,done,194.65054999999154
466,170.6731617961536,236.7547607421875,38448.20860123823,39158.45860123823,38670.42251,39089.438774999995,done,419.01626499999617
467,160.29195546428454,236.7547607421875,38448.20860123823,39158.45860123823,38670.42251,39088.464798999994,done,418.04228899999885
468,206.5644251788876,236.7547607421875,38448.20860123823,39158.45860123823,38670.42251,39088.575001,done,418.1524910000008
469,204.7696313457215,236.7547607421875,38448.20860123823,39158.45860123823,38670.42251,39089.74912300001,done,419.3266130000097
470,209.06392285125864,236.7547607421875,38728.0933779418,39438.3433779418,38950.974216,39302.49440699999,done,351.52019099999166
471,169.56353394561614,236.7547607421875,38728.0933779418,39438.3433779418,38950.974216,39302.52077599999,done,351.5465599999885
472,183.0683407755085,236.7547607421875,38728.0933779418,39438.3433779418,38950.974216,39303.22256,done,352.24834400000304
473,166.26521527890503,236.7547607421875,38728.0933779418,39438.3433779418,38950.974216,39304.01595200001,done,353.04173600000865
474,208.99884029150795,236.7547607421875,38728.0933779418,39438.3433779418,38950.974216,39303.798611,done,352.82439499999896
475,172.61439165441593,236.7547607421875,39339.929311526204,40050.179311526204,39566.31230700001,,past_due,
476,171.17782223034263,236.7547607421875,39339.929311526204,40050.179311526204,39566.31230700001,,past_due,
477,165.0206725713981,236.7547607421875,39339.929311526204,40050.179311526204,39566.31230700001,,past_due,
478,180.48547221400344,236.7547607421875,39339.929311526204,40050.179311526204,39566.31230700001,,past_due,
479,201.26451872583328,236.7547607421875,39339.929311526204,40050.179311526204,39566.31230700001,,past_due,
